line_id,point_index,surface_x_mm,surface_y_mm,surface_z_mm,tcp_x_mm,tcp_y_mm,tcp_z_mm,normal_x,normal_y,normal_z,qx,qy,qz,qw,surface_angle_deg,cumulative_distance_mm,process_on
0,0,-20.0,29.01988172531128,20.0,-21.03212434347106,30.53608088255029,19.202592039667184,-0.5160621717355309,0.7580995786195059,-0.3987039801664072,0.49808913927941517,0.22924925135905638,0.1384529405388682,0.824731940292932,40.703053834855595,0.0,1
0,1,-19.0,29.728801250457764,20.0,-20.019059567061547,31.240569373032358,19.17776235652482,-0.5095297835307736,0.7558840612872975,-0.4111188217375897,0.4928338317335765,0.22705814988677686,0.13497439220180926,0.8290605070310291,40.89732283892811,1.2341883112346799,1
0,2,-18.0,30.37047529220581,20.0,-18.980194150358393,31.900276454530292,19.163980962325706,-0.49009707517919754,0.76490058116224,-0.41800951883714743,0.4934842873144343,0.21787266637922073,0.12921908374961652,0.8320499911744987,40.10185191353371,2.464897340301425,1
0,3,-17.0,31.019591808319092,20.0,-17.931444240561728,32.571703214534836,19.149493204366138,-0.4657221202808643,0.7760557031078703,-0.4252533978169315,0.494754446544392,0.2063766913100572,0.12224218693329253,0.8352745336966952,39.09915546345986,3.7102487615795345,1
0,4,-16.0,31.601401805877686,20.0,-16.880621720013277,33.1844485061236,19.15237476967626,-0.44031086000663927,0.7915233501229583,-0.4238126151618689,0.5004997050048013,0.19389104597472367,0.11611876107591548,0.8357169023701321,37.67190032638132,4.926675111785184,1
0,5,-15.0,32.128793239593506,20.0,-15.831909321774791,33.73267605310037,19.142394728979873,-0.4159546608873956,0.8019414067534331,-0.42880263551006376,0.5022580366201947,0.18258024782378623,0.10941561428760024,0.8381106974052407,36.684104985991695,6.110081524939846,1
0,6,-14.0,32.592225551605225,20.0,-14.771426004455071,34.23743883569644,19.16443122993958,-0.3857130022275358,0.8226066420456075,-0.41778438503020987,0.5128376818747615,0.16764641223186333,0.10288475295769182,0.8356476052283879,34.65341364224874,7.284771245837288,1
0,7,-13.0,33.04236078262329,20.0,-13.731358879017218,34.71116729532167,19.17525821419178,-0.3656794395086094,0.8344032563491923,-0.4123708929041103,0.5184865845556127,0.15807028558144762,0.09820058590529725,0.8345909725008482,33.44624779424926,8.42769534763209,1
0,8,-12.0,33.44608449935913,20.0,-12.695484563108502,35.13563859963874,19.186545536181562,-0.34774228155425113,0.8447770501398039,-0.40672723190921856,0.5237037006574174,0.1495687733556599,0.09398990746876673,0.8333843730528081,32.351943490517115,9.547221537672181,1
0,9,-11.0,33.86174154281616,20.0,-11.632119053508033,35.58609346763992,19.20814398938398,-0.3160595267540169,0.8621759624118779,-0.39592800530800915,0.5327971602087448,0.13477085523024843,0.08641259147407516,0.8309614110707784,30.43821520354146,10.702263653049176,1
0,10,-10.0,34.220388889312744,20.0,-10.585047861346428,35.970813539660526,19.229459577057234,-0.29252393067321436,0.8752123251738907,-0.38527021147138274,0.5403921016001058,0.12385988370949498,0.08080611314861422,0.8283148422028334,28.92988579296029,11.817979553065,1
0,11,-9.0,34.55673265457153,20.0,-9.513317392226782,36.32912280133233,19.228547848209157,-0.2566586961133903,0.8861950733804006,-0.38572607589542196,0.5435257836089552,0.10824363539977866,0.07093845400085122,0.829355637643876,27.601051899344586,12.948020506609916,1
0,12,-8.0,34.817689418792725,20.0,-8.437829431998692,36.60815590801152,19.22376863020087,-0.21891471599934573,0.8952332446093964,-0.38811568489956494,0.5454045438375618,0.0920654175657653,0.060431453172915706,0.8309066625784104,26.461594936842836,14.059126562818497,1
0,13,-7.0,35.05563497543335,20.0,-7.364522867314479,36.86289913597825,19.22481013086164,-0.18226143365723954,0.9036320802724532,-0.3875949345691793,0.5480550762198445,0.0764078932118325,0.050366468476242876,0.8314208838715932,25.36032716032722,15.16225039027975,1
0,14,-6.0,35.21805810928345,20.0,-6.322431984706472,37.03109148795465,19.219649064162574,-0.1612159923532359,0.9065166893355986,-0.39017546791871366,0.5480412248844838,0.06755058747159587,0.044467340318796074,0.8325325156438811,24.971663384441378,16.217839662434198,1
0,15,-5.0,35.35857820510864,20.0,-5.262212394242653,37.181683795862085,19.220557465062967,-0.1311061971213264,0.9115527953767227,-0.38972126746851593,0.5496663897197497,0.05482906417401511,0.03618851870233371,0.8327971090538132,24.27917389153932,17.28870120735789,1
0,16,-4.0,35.51891374588013,20.0,-4.20749987454385,37.34804205260958,19.218185802389506,-0.10374993727192516,0.9145641533647253,-0.39090709880524654,0.5501518440308224,0.04335203694017586,0.028616324887737334,0.8334474520643415,23.8560933098652,18.356455483201024,1
0,17,-3.0,35.62654733657837,20.0,-3.1496184718813316,37.46048843753154,19.21624343632313,-0.07480923594066577,0.9169705504765837,-0.3918782818384362,0.5505315879217407,0.031238274298504252,0.02062131560125808,0.8339747611661228,23.512860264771685,19.420298058193758,1
0,18,-2.0,35.686447620391846,20.0,-2.065722685206205,37.52809855681547,19.222824114489345,-0.0328613426031025,0.9208254682118127,-0.3885879427553274,0.5527372913140691,0.01369362673371461,0.00908429787240729,0.8331935230844207,22.952940364698346,20.50632039218455,1
0,19,-1.0,35.7091269493103,20.0,-0.9936130126130522,37.554326123739344,19.228508449120476,0.0031934936934738894,0.9225995872145218,-0.3857457754397627,0.5541889079763789,-0.0013291185302236996,-0.0008849016474593021,0.8323893948561308,22.690867638615,21.57876589056418,1
0,20,0.0,35.653584003448486,20.0,0.0907591748574932,37.49689701440264,19.229312050291217,0.0453795874287466,0.9216565054770759,-0.3853439748543909,0.5540497454092133,-0.01889159031925227,-0.012577753131589584,0.832174132951365,22.830534127152713,22.66465805341172,1
0,21,1.0,35.582767963409424,20.0,1.1508028386476665,37.42709297100925,19.241235365743968,0.07540141932383321,0.9221625037999154,-0.3793823171280161,0.5561711834210759,-0.031344156839703104,-0.02099793613011717,0.8302109642990049,22.755698791839908,23.727064444143227,1
0,22,2.0,35.50522756576538,20.0,2.207384564087107,37.35275673514044,19.262688932073633,0.10369228204355355,0.9237645846875275,-0.36865553396318335,0.5602009288695319,-0.04297850988717438,-0.02912275052698973,0.8267282699795225,22.517203877828614,24.786475164309863,1
0,23,3.0,35.36300706863403,20.0,3.252951992481214,37.209354061703415,19.274039897319803,0.12647599624060696,0.9231734965346898,-0.36298005134009925,0.5619321841627295,-0.05236596921718033,-0.035678722397630036,0.8247527232074608,22.60547415649224,25.84189186802436,1
0,24,4.0,35.22247648239136,20.0,4.304315983374683,37.062986142394294,19.278948009018375,0.15215799168734162,0.9202548300014693,-0.36052599549081293,0.5619290076701826,-0.0630300927605016,-0.043001344520281384,0.8236588384245352,23.036635187659012,26.903406775461256,1
0,25,5.0,35.048423290252686,20.0,5.335565507924564,36.884850618767985,19.282413449837936,0.16778275396228176,0.9182136642576495,-0.3587932750810317,0.5619337258135212,-0.0695258962748306,-0.04747791764943837,0.8228866780281408,23.33368667369282,27.949934298244127,1
0,26,6.0,34.832643032073975,20.0,6.406791159581799,36.64891411168031,19.268098150110472,0.20339557979089937,0.9081355398031705,-0.3659509249447636,0.5566376458942683,-0.08472938510874096,-0.05720672462778841,0.824440933681572,24.75104473525167,29.046928081249064,1
0,27,7.0,34.63012170791626,20.0,7.473810853017528,36.42907776870864,19.26565650618994,0.23690542650876403,0.8994780303961905,-0.36717174690502874,0.5537216292154816,-0.09902769252304308,-0.06653689165296467,0.8241108635988704,25.91045874195465,30.13636142271419,1
0,28,8.0,34.36793375015259,20.0,8.530657857090624,36.15271996927734,19.269972335640393,0.2653289285453121,0.8923931095623782,-0.36501383217980393,0.552395035078822,-0.11114319201086992,-0.07462046650339368,0.8227628467965225,26.824478351969436,31.228752309580532,1
0,29,9.0,34.01423978805542,20.0,9.58124323541979,35.785590289862405,19.27579443455129,0.2906216177098949,0.8856752509034912,-0.36210278272435503,0.5514296028329343,-0.12195901671190534,-0.08189607837652342,0.8211847683126642,27.665267224450005,32.341652905097526,1
0,30,10.0,33.64394235610962,20.0,10.644248281796967,35.400070122086824,19.292215130872695,0.3221241408984839,0.8780638829886039,-0.35389243456365227,0.5520387479419604,-0.13530337574815576,-0.09134701880905523,0.8176808298086267,28.590314477983362,33.472526535373134,1
0,31,11.0,33.272215366363525,20.0,11.689093984202307,35.01978357078838,19.31359279445836,0.3445469921011534,0.8737841022124267,-0.34320360277082024,0.554521531441606,-0.14458239789907312,-0.09854640683570044,0.8135664736732843,29.09860046859298,34.584631479806774,1
0,32,12.0,32.9189658164978,20.0,12.731101353108658,34.652333452297846,19.321083620286224,0.3655506765543288,0.866683817900021,-0.3394581898568887,0.553767732157906,-0.15366263010974848,-0.1048431047796946,0.8116261567424982,29.924465039082495,35.68955458070811,1
0,33,13.0,32.45628118515015,20.0,13.780994161576174,34.166120931963356,19.316994758584038,0.3904970807880873,0.8549198734066031,-0.3415026207079816,0.5495786228967994,-0.16496068289403604,-0.111740280344033,0.8113355779839977,31.249116128897832,36.84657413239764,1
0,34,14.0,31.967652797698975,20.0,14.844271775686796,33.646118714054005,19.314465656284717,0.4221358878433981,0.8392329581775134,-0.3427671718576415,0.5444394919193734,-0.17944930679652613,-0.12054734991947107,0.810464016694272,32.94078968079912,38.03019906777956,1
0,35,15.0,31.470635890960693,20.0,15.897119194767129,33.11965159152143,19.310127280083805,0.44855959738356443,0.8245078502803675,-0.3449363599580968,0.5391834208009281,-0.1918672946449211,-0.1277124883594698,0.810035616683662,34.461373422823655,39.2073456773741,1
0,36,16.0,30.88366460800171,20.0,16.93237068571391,32.514112188939755,19.31274052190264,0.4661853428569541,0.8152237904690223,-0.34362973904867977,0.5368048549138545,-0.20006418524207625,-0.13278095777653537,0.8088164728640768,35.39050420558787,40.40669151849721,1
0,37,17.0,30.272279262542725,20.0,17.99127389417943,31.86627680121285,19.309675501353222,0.49563694708971406,0.7969987693350641,-0.34516224932338896,0.5305557837937853,-0.21431153870304698,-0.14073259558491935,0.8079452092819328,37.155545848803946,41.64805209820031,1
0,38,18.0,29.65957021713257,20.0,19.030989015535543,31.224385985466263,19.301134304018806,0.5154945077677721,0.7824078841668475,-0.34943284799059654,0.5243256268754288,-0.224424180975202,-0.14555873602134078,0.8084114536318544,38.51842922173503,42.869978571016205,1
0,39,19.0,29.015326976776123,20.0,20.05914216903431,30.557935857292954,19.293901063926658,0.5295710845171551,0.7713044402584154,-0.35304946803667164,0.5193781174074349,-0.23177928539878845,-0.14881391414851297,0.808937051305066,39.52882861578697,44.095256906805226,1
0,40,20.0,28.22994565963745,20.0,21.08240162023127,29.7526239221075,19.2859568349729,0.5412008101156357,0.7613391312350237,-0.35702158251354915,0.5146109367134024,-0.23804367783703073,-0.15128950881974892,0.8097050548056705,40.41760461603422,45.39742829651924,1
1,0,20.0,30.10731840133667,25.0,21.099926441886847,31.733024843041157,24.61628084770412,0.5499632209434243,0.8128532208522442,-0.1918595761479391,0.5944765160367499,-0.22509527717577338,-0.178150720140434,0.7511272255666241,35.62435705163964,0.0,1
1,1,19.0,30.763654232025146,25.0,20.064168689754613,32.412670685871156,24.614915938149764,0.5320843448773057,0.8245082269230062,-0.19254203092511776,0.5972319706394379,-0.21689388599860243,-0.17207953080395386,0.7527679925055594,34.461335285464955,1.238835927698341,1
1,2,18.0,31.39339590072632,25.0,19.035328760827255,33.0590991344386,24.60817466365182,0.5176643804136281,0.832851616856138,-0.19591266817409064,0.5980572342026433,-0.21064474959238685,-0.16684395090578252,0.7550625339223197,33.607207871844686,2.453918963237236,1
1,3,17.0,31.999145030975342,25.0,17.99000515589923,33.685490426665474,24.580322745758576,0.4950025779496144,0.8431726978450679,-0.20983862712071302,0.5953048271680059,-0.20172468661548115,-0.1576749764728374,0.7616153329303755,32.523319081715705,3.672870651913909,1
1,4,16.0,32.558167934417725,25.0,16.959527638146778,34.2566760852438,24.559118186800735,0.4797638190733888,0.8492540754130349,-0.22044090659963242,0.5928137905229055,-0.1958350235939638,-0.15149193594770502,0.7663358575994161,31.86936902728586,4.851253698499103,1
1,5,15.0,33.10707235336304,25.0,15.908475409913521,34.82774298836597,24.53743649579646,0.4542377049567603,0.8603353175014672,-0.23128175210176993,0.5916055443467012,-0.18536991084682072,-0.14211873322745122,0.7716496236743134,30.64574680981858,6.047622491990661,1
1,6,14.0,33.61628866195679,25.0,14.85285573958088,35.361766146887796,24.524662817504367,0.4264278697904397,0.8727387424655025,-0.23766859124781559,0.5924729625100967,-0.17361305558799953,-0.13265640421096936,0.7753944635124266,29.221524185029203,7.230701859187947,1
1,7,13.0,34.121492862701416,25.0,13.800603212668877,35.88923115893374,24.51612417719222,0.40030160633443873,0.8838691481161631,-0.24193791140388946,0.5938079863258522,-0.16255189840076245,-0.12403691495830393,0.7781926493032243,27.887322060818036,8.40778623496723,1
1,8,12.0,34.51984643936157,25.0,12.757839318295757,36.309580458831306,24.52826733503209,0.37891965914787823,0.8948670097348679,-0.2358663324839552,0.5988929312635213,-0.15295126884275773,-0.1178606108126804,0.777201417047627,26.508647271800374,9.53215162469376,1
1,9,11.0,34.88468599319458,25.0,11.687378127992837,36.706562410129905,24.543625558809477,0.3436890639964183,0.9109382084676632,-0.22818722059526103,0.605786061128076,-0.1375850204248284,-0.10737136586066823,0.7762506039230148,24.364671338308604,10.673956207203037,1
1,10,10.0,35.292967319488525,25.0,10.636147952683432,37.132489628036666,24.54013756551507,0.3180739763417156,0.9197611542740692,-0.22993121724246482,0.607373044432353,-0.12701329172863193,-0.09916993035795042,0.7779016220152981,23.108810736217595,11.808200908549294,1
1,11,9.0,35.6140398979187,25.0,9.603269781762366,37.462394456277444,24.53133061012389,0.30163489088118334,0.9241772791793714,-0.23433469493805423,0.6068991765273942,-0.12044103146911217,-0.09371340407965106,0.7799904777398445,22.455379093766286,12.892521928416144,1
1,12,8.0,35.89087247848511,25.0,8.534606523731046,37.76074608778317,24.5333432203055,0.2673032618655234,0.9349368046490313,-0.23332838984725063,0.6099477077013613,-0.10629957171235178,-0.08303115581778622,0.7808777254392572,20.782062292335592,14.002052867907237,1
1,13,7.0,36.21290063858032,25.0,7.465001474379867,38.10363634358684,24.542952822306013,0.23250073718993333,0.9453678525032614,-0.22852358884699295,0.6142292290141037,-0.09198184495455225,-0.07239634097423275,0.7803976962017759,19.026507506266697,15.12531643162381,1
1,14,6.0,36.43847417831421,25.0,6.42203073688359,38.338904260371535,24.54146367609852,0.211015368441795,0.9502150410286623,-0.22926816195074096,0.6151554695640984,-0.08336466451682767,-0.06564267550294459,0.781233076698744,18.155372312269254,16.19449423231842,1
1,15,5.0,36.634411334991455,25.0,5.36395003050006,38.547169262179374,24.54294695353955,0.18197501525003018,0.9563789635939597,-0.2285265232302258,0.6169217220600632,-0.07172396555777673,-0.05660473010401546,0.7817027351525414,16.98545156598857,17.2728778803357,1
1,16,4.0,36.80985403060913,25.0,4.302027511671046,38.73395755344482,24.545461755618863,0.15101375583552273,0.9620517614178447,-0.22726912219056836,0.6187400059595399,-0.059382185290744155,-0.046988566488729275,0.7819377441424722,15.834942477960727,18.351105883115963,1
1,17,3.0,36.96541357040405,25.0,3.250815257328194,38.89465668717416,24.53619756028397,0.12540762866409708,0.964621558385055,-0.2319012198580155,0.6177494438294807,-0.04934586831092869,-0.03888875394873911,0.7838611323093665,15.286066855829603,19.414570617170245,1
1,18,2.0,37.085508823394775,25.0,2.199530007177339,39.01458517506377,24.511274918111166,0.09976500358866956,0.9645381758344977,-0.24436254094441778,0.6134045798816038,-0.03941511014908249,-0.030674672611721,0.7881880073512744,15.304177668752693,20.47296782875251,1
1,19,1.0,37.163371562957764,25.0,1.1335460222577733,39.090403370272284,24.481623810792527,0.06677301112888666,0.96351590365726,-0.25918809460373615,0.6080321230917185,-0.026512072471030157,-0.020322746094529016,0.7932093250164457,15.524540418958363,21.54205596496715,1
1,20,0.0,37.2250075340271,25.0,0.06650984059851399,39.15016122511671,24.462078345121157,0.033254920299256994,0.9625768455448073,-0.26896082743942157,0.6044370114676398,-0.013247092071750394,-0.010053032476315536,0.7964793470377879,15.724310273445296,22.61094288106908,1
1,21,-1.0,37.24167013168335,25.0,-0.9933641933530796,39.16571464428091,24.45409828758892,0.0033179033234602144,0.9620222562987816,-0.27295085620554044,0.6029285365888682,-0.0013235044523644014,-0.0010002320504454276,0.7977934743018492,15.841136691921784,23.67096106865396,1
1,22,-2.0,37.21881818771362,25.0,-2.050888504972264,39.13967232482927,24.445266060180757,-0.02544425248613199,0.9604270685578252,-0.27736696990962084,0.6010100818802538,0.010168408109440396,0.007647364080398346,0.7991401646628908,16.172584879294643,24.728842858037368,1
1,23,-3.0,37.17878580093384,25.0,-3.1358666344969164,39.094486518052726,24.44176078598807,-0.06793331724845825,0.9578503585594444,-0.2791196070059645,0.5997508550421562,0.027186547651739983,0.02039509027057415,0.7994647232966803,16.694443456264942,25.814767158174366,1
1,24,-4.0,37.113154888153076,25.0,-4.191856860864907,39.026111858285816,24.44883162703252,-0.09592843043245336,0.9564784850663712,-0.27558418648374083,0.6006128209519994,0.03836855569618149,0.02887450383438601,0.79809670859501,16.96592133669917,26.87299229918928,1
1,25,-5.0,36.98700571060181,25.0,-5.231814975106396,38.89786962763683,24.4569890352028,-0.1159074875531977,0.9554319585175117,-0.271505482398601,0.6017488445923561,0.046320479622560466,0.034991519542819434,0.7965728684554759,17.17021446850859,27.920859415004355,1
1,26,-6.0,36.81174898147583,25.0,-6.291719660571449,38.71204900379333,24.448856221285073,-0.14585983028572452,0.9501500111587526,-0.2755718893574629,0.5989955049268785,0.058467430238231706,0.043919545265916016,0.7974064322679912,18.167326141820865,28.99696042753923,1
1,27,-7.0,36.68194532394409,25.0,-7.352649351965492,38.57229951054839,24.450273264479602,-0.17632467598274582,0.94517709330215,-0.27486336776019926,0.5979611684416634,0.07078670182867051,0.05313390398973809,0.7966231682087266,19.06000521919127,30.067055628423287,1
1,28,-8.0,36.51222848892212,25.0,-8.392103074995452,38.39506778248722,24.451209171736263,-0.1960515374977265,0.941419646782548,-0.27439541413186924,0.5971541574074812,0.07879851029700079,0.059110052206722725,0.7960550915571442,19.708649269263436,31.121510939792522,1
1,29,-9.0,36.26145887374878,25.0,-9.45747444329213,38.13118391370773,24.457003306929902,-0.22873722164606441,0.9348625199794746,-0.2714983465350496,0.5964682673283577,0.09206754478523883,0.0691336760911033,0.79433601712226,20.794054551361064,32.21909210790311,1
1,30,-10.0,36.04104280471802,25.0,-10.525007325732842,37.89434657980761,24.461824912165653,-0.2625036628664209,0.9266518875447974,-0.26908754391717293,0.5951840714004193,0.1058874364248853,0.07951322420119478,0.7926042008062517,22.081221470311004,33.31259182244269,1
1,31,-11.0,35.68113374710083,25.0,-11.58626964866433,37.5188237035744,24.47162179934145,-0.29313482433216553,0.918844978236785,-0.26418910032927645,0.5948853119294321,0.11839305505807354,0.08914890679297106,0.7900297605674462,23.24219450038481,34.43837649441453,1
1,32,-12.0,35.374475955963135,25.0,-12.654524625424907,37.19259410982438,24.48420557068482,-0.3272623127124538,0.9090590769306216,-0.2578972146575885,0.5945817888166639,0.132377826990708,0.10004671530822723,0.7867269298078138,24.624354923670907,35.555405050232714,1
1,33,-13.0,35.006051540374756,25.0,-13.720148588962637,36.80201292644193,24.49412579669369,-0.3600742944813185,0.8979806930335877,-0.25293710165315403,0.593477775207297,0.1459985599532401,0.11055588937980942,0.78373844243473,26.10610514016949,36.69039690190495,1
1,34,-14.0,34.56636953353882,25.0,-14.779318609691572,36.33591262010698,24.48874686370916,-0.38965930484578637,0.8847715432840806,-0.2556265681454201,0.5890175935330365,0.15888672202497145,0.11947999751019198,0.7832865467168926,27.776579559406112,37.84760023809808,1
1,35,-15.0,34.09662103652954,25.0,-15.857415099363163,35.82654611026202,24.478273456056016,-0.42870754968158137,0.8649625368662397,-0.260863271971992,0.5817724378458884,0.17637798779001873,0.13103108107395214,0.7831107787398839,30.121572271641963,39.04001626225312,1
1,36,-16.0,33.58398103713989,25.0,-16.910757936757808,35.287159893842926,24.4806718159849,-0.4553789683789034,0.8515894283515149,-0.2596640920075508,0.5785701686529418,0.18821401101174964,0.13937946731579526,0.7812844617004363,31.615032507355153,40.223432662208715,1
1,37,-17.0,32.99754858016968,25.0,-17.965431175631384,34.66932943335866,24.477418500107678,-0.4827155878156916,0.8358904265944934,-0.2612907499461612,0.5736142918024048,0.20080156689365025,0.14761484660894134,0.7802917608393025,33.29133035099602,41.44575042071608,1
1,38,-18.0,32.40839147567749,25.0,-19.010110381938432,34.05451728367996,24.480435912972794,-0.5050551909692156,0.8230629040012348,-0.25978204351360235,0.5705947115039197,0.2110228742268416,0.15467974035146106,0.7784376658934264,34.60741192119058,42.65792108867636,1
1,39,-19.0,31.784644603729248,25.0,-20.044077916290824,33.412724113928306,24.49082575361297,-0.5220389581454116,0.8140397550995303,-0.2545871231935152,0.5700539945795913,0.21850602203850997,0.1606060325411287,0.775563836127082,35.50747459247591,43.87492367027723,1
1,40,-20.0,31.103532314300537,25.0,-21.06047239736362,32.72544739935508,24.505237682010478,-0.5302361986818093,0.8109575425272727,-0.2473811589947617,0.571990849207968,0.221666165494346,0.16413142749533505,0.7724968957903484,35.810408318864454,45.10195860345147,1
2,0,-20.0,32.54939031600952,30.0,-20.997010168580825,34.249465961131726,29.659833093013525,-0.4985050842904121,0.8500378225611039,-0.17008345349323772,0.6124955126913862,0.19951822018627033,0.16355149720130155,0.7471898249506825,31.78421658916172,0.0,1
2,1,-19.0,33.15432786941528,30.0,-19.986321295847315,34.86130066283076,29.663229775815243,-0.49316064792365816,0.853486396707736,-0.1683851120923787,0.6140018944122032,0.19700029850748027,0.1619313207463128,0.7469744329008484,31.40708145680652,1.181458944324572,1
2,2,-18.0,33.77864122390747,30.0,-18.98278661855503,35.488039098181595,29.66520249430993,-0.4913933092775137,0.8546989371370605,-0.16739875284503447,0.6146815936622025,0.1961304718557973,0.16144332846679904,0.7467499100208037,31.273509442118392,2.3646270669903275,1
2,3,-17.0,34.30766439437866,30.0,-17.93967826360271,36.041092671400385,29.664990792165213,-0.4698391318013536,0.866714138510863,-0.16750460391739388,0.6175545988764868,0.18674585791338072,0.15411021108093131,0.7483330440380725,29.920982414226025,3.5452808434375997,1
2,4,-16.0,34.86318922042847,30.0,-16.87004167098897,36.63376147527454,29.671212255228355,-0.43502083549448606,0.8852861274230346,-0.16439387238582215,0.6231877598199173,0.17158111731108994,0.1426524688179211,0.7495646798863078,27.713247176961897,4.7681534688351075,1
2,5,-15.0,35.3454155921936,30.0,-15.821673625484657,37.1394147255072,29.673779885885384,-0.410836812742328,0.8969995666568,-0.1631100570573082,0.6264369457800546,0.1613125055074868,0.13462476350906857,0.7506205443356726,26.233565805632274,5.9320982102350515,1
2,6,-14.0,35.7505784034729,30.0,-14.7656540339988,37.570028936925794,29.67848226092586,-0.38282701699940014,0.9097252667264467,-0.1607588695370692,0.6302868045563069,0.1495296266084589,0.12542275869442504,0.7514310123823842,24.53258700295315,7.072549037324336,1
2,7,-13.0,36.16299390792847,30.0,-13.6922732164211,38.01566487510524,29.702732307160236,-0.34613660821055026,0.9263354835883849,-0.148633846419882,0.6385771519924713,0.1337994683967137,0.11404227640716467,0.749207102476887,22.129396130984613,8.235014449146647,1
2,8,-12.0,36.51064920425415,30.0,-12.656539720472903,38.37730332951607,29.709211465005886,-0.32826986023645194,0.9333270626309592,-0.1453942674970575,0.6413395326459843,0.12643761353688096,0.10826605623903252,0.748983040405439,21.040470521229324,9.332087020048005,1
2,9,-11.0,36.84121561050415,30.0,-11.592293196450047,38.73155227468234,29.72465282732041,-0.2961465982250231,0.945168332089097,-0.13767358633979498,0.6467862081459913,0.11327315561170213,0.09796909200859207,0.7478227398126575,19.061542344986087,10.453849657470148,1
2,10,-10.0,37.15302324295044,30.0,-10.520577457154161,39.06612297149424,29.73722911167989,-0.26028872857708046,0.956549864271901,-0.13138544416005382,0.6515499819702553,0.09894391802699648,0.08628260319645596,0.747159979164884,16.95190033569514,11.576645426943838,1
2,11,-9.0,37.42584276199341,30.0,-9.453960461723481,39.35640598827834,29.741454977792788,-0.22698023086174088,0.9652816131424647,-0.1292725111036052,0.6541960376932937,0.0859726044422992,0.07522651368840864,0.7476477962183066,15.141955819183394,12.682065665006835,1
2,12,-8.0,37.61717176437378,30.0,-8.38527536092335,39.56066364725204,29.727232337965646,-0.19263768046167454,0.9717459414391314,-0.13638383101717796,0.6530503538552133,0.07302958182128548,0.06349569128157863,0.751105992984521,13.652303599589471,13.7701885070634,1
2,13,-7.0,37.793970584869385,30.0,-7.304581948885192,39.75298526816788,29.736387961135733,-0.1522909744425964,0.97950734164925,-0.13180601943213402,0.6563474867391864,0.057488841831145505,0.05027108764724795,0.7505836578708796,11.619334015179744,14.867899617570169,1
2,14,-6.0,37.94163179397583,30.0,-6.243238915562552,39.90996899847303,29.742156094995256,-0.12161945778127584,0.9841686022486009,-0.12892195250237132,0.6583632596012676,0.04579128908436926,0.04018403836837534,0.7502307773689337,10.208734002977515,15.940805110766679,1
2,15,-5.0,38.04831838607788,30.0,-5.1991933086572795,40.021622851270436,29.742334493116985,-0.09959665432863972,0.9866522325962787,-0.12883275344150732,0.6589231013909984,0.03746958409849665,0.03289504703760076,0.7505559889849309,9.371868874615323,16.990804084084555,1
2,16,-4.0,38.123215198516846,30.0,-4.152050896625797,40.100953904236974,29.744206847762186,-0.07602544831289833,0.9888693528600648,-0.1278965761189069,0.6597237116188907,0.028571598981180883,0.025114237307207323,0.7505448441924911,8.556605194324328,18.040948908740567,1
2,17,-3.0,38.18158197402954,30.0,-3.077531818082521,40.16388844123128,29.746130176517593,-0.038765909041260385,0.9911532336008683,-0.12693491174120358,0.6605457989228034,0.014553063417494525,0.01280814299410535,0.7505354137838164,7.626944846587236,19.117311164346773,1
2,18,-2.0,38.24261713027954,30.0,-2.025866777393392,40.22551199622645,29.740271564073794,-0.012933388696696042,0.9914474329734542,-0.12986421796310263,0.6595788545698309,0.004860619589983412,0.004265473232735362,0.751607553660587,7.498871086100151,20.170796400919965,1
2,19,-1.0,38.22413206100464,30.0,-0.9646136445412885,40.20704441161294,29.74153062917937,0.01769317772935573,0.9914561753041504,-0.1292346854103156,0.6598018375889818,-0.006647737137187877,-0.005837452476559544,0.7513875610187739,7.495032000950712,21.23221095184472,1
2,20,0.0,38.174325466156006,30.0,0.10066224179432987,40.15852309928216,29.770159042436877,0.05033112089716493,0.9920988165630737,-0.11492047878156242,0.6649710128530466,-0.018796613376141223,-0.016744979631605126,0.7464448037517029,7.2072580360678025,22.29897550778201,1
2,21,1.0,38.12268304824829,30.0,1.1801408235497215,40.1073137576822,29.8303231575533,0.0900704117748607,0.9923153547169551,-0.08483842122335009,0.675631614851128,-0.03320708361151344,-0.03048917202356723,0.7358597835192466,7.107683034381795,23.381341492966076,1
2,22,2.0,38.03681707382202,30.0,2.2262688016851793,40.01925246691594,29.86306081060365,0.11313440084258973,0.9912176965469572,-0.06846959469817471,0.6812118003507295,-0.04142083671089339,-0.03865834364718797,0.7298906286667498,7.599065798063978,24.431679672552274,1
2,23,3.0,37.939899921417236,30.0,3.3086721305226443,39.912649756981146,29.886071943222202,0.15433606526132224,0.9863749177819565,-0.05696402838889928,0.684360934923222,-0.056285846858370486,-0.05312907233199242,0.7250236657293274,9.468943836656328,25.519563221590616,1
2,24,4.0,37.74725008010864,30.0,4.367586568891328,39.710854801798,29.90441437697042,0.18379328444566392,0.9818023608446799,-0.047792811514790715,0.686758878755979,-0.06682691592790352,-0.06365300205223112,0.72100256663006,10.947273228774453,26.597690040011734,1
2,25,5.0,37.53230428695679,30.0,5.412090307054984,39.487008638140686,29.903498817136523,0.20604515352749225,0.9773521755919509,-0.04825059143173909,0.6857447158550817,-0.0750259219267837,-0.07141336430178429,0.7204341934659751,12.217263805406892,27.66591099200236,1
2,26,6.0,37.27564573287964,30.0,6.46054347659868,39.215770081840155,29.845671724130252,0.23027173829934022,0.9700621744802587,-0.0771641379348741,0.6739189759042626,-0.08515365493455199,-0.07864903973412181,0.7296549852610738,14.055206773682087,28.750423959115142,1
2,27,7.0,37.05068922042847,30.0,7.546113168156544,38.964924716280265,29.806446715380364,0.27305658407827194,0.9571177479258982,-0.0967766423098179,0.664195321327448,-0.10225582610208146,-0.0924378658949114,0.7347404726185316,16.839947405219768,29.865288773325073,1
2,28,8.0,36.79369592666626,30.0,8.588760262491261,38.693436262390826,29.789410327574352,0.29438013124563067,0.9498701678622821,-0.10529483621282326,0.6595863518928788,-0.11089827000558522,-0.09928428055137561,0.7367428654162911,18.218680623467623,30.942836536734838,1
2,29,9.0,36.42332601547241,30.0,9.660609907259133,38.298344453208735,29.781138380294966,0.33030495362956636,0.9375092188681626,-0.10943080985251674,0.6554589137588741,-0.12513275929099635,-0.11137619827277533,0.7364175088796857,20.36261686538788,32.08521459315206,1
2,30,10.0,36.01575803756714,30.0,10.747868598910367,37.85743558730913,29.778829564497975,0.37393429945518375,0.920838774870999,-0.11058521775101143,0.6514665902071843,-0.14247341144339498,-0.12638721958062102,0.7343833328733609,22.950985249020633,33.258473908576576,1
2,31,11.0,35.62251806259155,30.0,11.803644693593421,37.442611335325026,29.796491560348226,0.40182234679671075,0.9100466363667354,-0.10175421982588702,0.6524652821544036,-0.15300962607048954,-0.13685478746991867,0.7294846654039459,24.48820287627387,34.3929580504824,1
2,32,12.0,35.13807153701782,30.0,12.822855686312433,36.951547813145346,29.81503428580964,0.41142784315621617,0.9067381380637614,-0.0924828570951792,0.6552653643211566,-0.1561597700224753,-0.14104240060664675,0.7254987731062704,24.941592009468398,35.524451869803706,1
2,33,13.0,34.69550561904907,30.0,13.87043667773709,36.48898467489159,29.83946070168254,0.43521833886854433,0.8967395279212573,-0.08026964915872953,0.6578181703786866,-0.16474352837144327,-0.150655567039975,0.7193314428684654,26.26725173759525,36.66987198498321,1
2,34,14.0,34.20533514022827,30.0,14.900742975458817,35.98472082723996,29.850171200967484,0.45037148772940827,0.8896928435058461,-0.07491439951625761,0.658411202256804,-0.17040389955814103,-0.1566584786099316,0.7161810670757434,27.1653249145103,37.817010952139505,1
2,35,15.0,33.72430181503296,30.0,15.923333741386802,35.49113949323373,29.839564901263017,0.46166687069340134,0.8834188391003873,-0.08021754936849072,0.6550580799227138,-0.17547118636323802,-0.1602597027444504,0.7172346912695354,27.94243323376225,38.95254030069637,1
2,36,16.0,33.15100812911987,30.0,16.96400722421781,34.89551715357983,29.83453600018845,0.48200361210890513,0.8722545122299792,-0.08273199990577541,0.6517308777762046,-0.184067550100962,-0.16743512917116876,0.7164715468686261,29.27830522796578,40.15162018094139,1
2,37,17.0,32.60678243637085,30.0,17.981561908371553,34.34084585663102,29.82806898316592,0.4907809541857762,0.8670317101300845,-0.08596550841704018,0.6493558459043245,-0.1880272086198147,-0.17030640621539772,0.716922926269286,29.884484015180725,41.31055055210753,1
2,38,18.0,31.996949672698975,30.0,19.00229184883818,33.71693588664081,29.807494224495574,0.5011459244190895,0.85999310697092,-0.09625288775221263,0.6437937442469752,-0.1933989942899234,-0.17296078404350945,0.7198687457163013,30.684191049005655,42.50703564717246,1
2,39,19.0,31.422664165496826,30.0,20.016175383772044,33.13156457112969,29.78309681181786,0.5080876918860225,0.854450202816431,-0.10845159409107011,0.6377574707440401,-0.1975844413526275,-0.17409111415329884,0.7238218572400243,31.30095146079394,43.67802438886837,1
2,40,20.0,30.85685682296753,30.0,21.031198845394616,32.55528737609768,29.772046940246863,0.5155994226973075,0.8492152765650762,-0.11397652987656846,0.6343957795397975,-0.2013795668974596,-0.1761572896857949,0.725228842661983,31.873579149633095,44.845281915218045,1
3,0,20.0,31.468156337738037,35.0,21.042378237920406,33.17503082331565,34.99479427295175,0.5211891189602036,0.8534372427888074,-0.0026028635241259214,0.6796669227108859,-0.19170665718918503,-0.19112287044639337,0.6817429722075571,31.412485434697697,0.0,1
3,1,19.0,32.0731520652771,35.0,20.04306634149231,33.77961392049939,35.00073750737432,0.5215331707461542,0.8532309276111485,0.00036875368715793975,0.6808142085097649,-0.19151080996852715,-0.19159359597117206,0.6805200343408387,31.435158611885164,1.1679812968444343,1
3,2,18.0,32.58491849899292,35.0,18.99622870553784,34.31913453530539,35.004806834621746,0.4981143527689184,0.8671080181562336,0.0024034173108736182,0.6841576057385783,-0.18201670023789787,-0.18252190645020788,0.6822639115550116,29.87570792964026,2.345677390612105,1
3,3,17.0,33.208858013153076,35.0,17.951022792453212,34.96826907694128,34.99467488458949,0.47551139622660643,0.8797055318941046,-0.002662557705252634,0.684474318512379,-0.17367679305073508,-0.1731519302748498,0.6865491154278184,28.393137705535267,3.5760975262988417,1
3,4,16.0,33.776599407196045,35.0,16.922604434342034,35.55099214738779,34.98179392169532,0.46130221717101794,0.8871963700958733,-0.009103039152341034,0.6833520532309149,-0.1687555977410004,-0.167032971191098,0.6903995264419321,27.476968878327032,4.758204296153314,1
3,5,15.0,34.240092754364014,35.0,15.90544341115598,36.02308120780313,34.96646786471152,0.4527217055779902,0.8914942267195589,-0.01676606764423975,0.6811905797612712,-0.1661215224538451,-0.16302669956443055,0.6941219842731167,26.93838456645516,5.87968524386282,1
3,6,14.0,34.733657360076904,35.0,14.834824723771177,36.55038282163554,34.949242952164795,0.4174123618855888,0.9083627307793171,-0.02537852391760145,0.6810673245903038,-0.15316016915831945,-0.14894082945981782,0.7003612576939291,24.719935368523167,7.073237950424227,1
3,7,13.0,35.16881799697876,35.0,13.802129201573226,36.99929664953894,34.92295036336914,0.40106460078661355,0.9152393262800923,-0.038524818315430844,0.6773975157898059,-0.14788575470302845,-0.14179180944057382,0.7065107868484978,23.760262559683465,8.199592675489187,1
3,8,12.0,35.64089250564575,35.0,12.762671816745957,37.48807407108927,34.92093063660913,0.38133590837297876,0.9235907827217612,-0.03953468169543673,0.6786264833838901,-0.14035225399791879,-0.1344729433733693,0.7082968080884037,22.543192631972953,9.348234961836647,1
3,9,11.0,36.007790088653564,35.0,11.71212725828661,37.87518019100241,34.924310016152965,0.3560636291433056,0.9336950511744224,-0.03784499192351584,0.6811970121693686,-0.13056850558142702,-0.12538344840626106,0.7093669620355267,20.981666193082532,10.467835978980187,1
3,10,10.0,36.36558961868286,35.0,10.633931391810801,38.26157896015224,34.942074120538976,0.31696569590540097,0.9479946707346891,-0.028962939730512657,0.6871929342475389,-0.11525797696906433,-0.11179041783285287,0.7085085548855514,18.559313062512672,11.613316619886294,1
3,11,9.0,36.70716714859009,35.0,9.595627945547548,38.61599519978148,34.95996474718869,0.2978139727737744,0.9544140255956978,-0.020017626405654364,0.6916713770633199,-0.10761920343741348,-0.10538569494289766,0.7063304244503628,17.366688991705924,12.710588232549721,1
3,12,8.0,36.95686864852905,35.0,8.548946253301848,38.87988521626119,34.97420676031212,0.2744731266509237,0.9615082838660658,-0.012896619843937755,0.6955728666851666,-0.0986411537311408,-0.09732696191845355,0.7049650859480154,15.94866240852971,13.79011745430233,1
3,13,7.0,37.23314714431763,35.0,7.495577859326619,39.17057155522622,34.971906631374296,0.24778892966330945,0.9687122054542961,-0.014046684312852815,0.6964676073146095,-0.08893553735732697,-0.08765528859218044,0.7066398605642396,14.370239312909439,14.882861162442522,1
3,14,6.0,37.51172685623169,35.0,6.429571883819257,39.46491085903893,34.9767567685149,0.21478594190962866,0.9765920014036189,-0.011621615742547844,0.6987739620843443,-0.07683841514290513,-0.07592946506564735,0.7071389709287126,12.421401349099733,15.98876707589838,1
3,15,5.0,37.73334074020386,35.0,5.3795583477712725,39.69689326839011,34.98007690559879,0.18977917388563642,0.981776264093126,-0.009961547200603988,0.7003069544030623,-0.06774508110855827,-0.06706119589981807,0.7074486338984536,10.955143998361935,17.064106690830624,1
3,16,4.0,37.86286783218384,35.0,4.34677530329067,39.83252482735164,34.985921277962376,0.17338765164533512,0.9848284975839005,-0.007039361018812026,0.7019021785252492,-0.06175476720143263,-0.06131493377227491,0.7069371679335494,9.993152941000664,18.10577405301554,1
3,17,3.0,37.952011585235596,35.0,3.289260405993734,39.9308921467081,35.01897737997188,0.14463020299686682,0.9894402807362535,0.009488689985937966,0.7086190768024138,-0.05102302406427674,-0.05151467885384559,0.7018560342902356,8.333870111668588,19.168368328081236,1
3,18,2.0,38.12895441055298,35.0,2.2314352783820564,40.11430420285417,35.06945440324297,0.11571763919102829,0.9926748961505956,0.03472720162148458,0.7181523902440767,-0.04025847982054763,-0.04169148818721838,0.6934682537809447,6.9392092608567095,20.243162221264807,1
3,19,1.0,38.28989839553833,35.0,1.2246632140699272,40.27452035972441,35.103933149254395,0.11233160703496364,0.9923109820930425,0.05196657462719709,0.7242124908917091,-0.038724092630102416,-0.04080510881577491,0.6872784412310154,7.109707508720656,21.26318574566417,1
3,20,0.0,38.34618806838989,35.0,0.21272478743678214,40.331070294262375,35.12243657225472,0.10636239371839107,0.99244111293624,0.061218286127359155,0.727515163051277,-0.03648055090254855,-0.03880017542909678,0.6840214933194656,7.0492108938844185,22.276871915568712,1
3,21,-1.0,38.42585515975952,35.0,-0.8524226317207723,40.41687732746916,35.118539647631415,0.07378868413961388,0.9955110838548203,0.059269823815708576,0.7273196621934009,-0.025318390445116155,-0.02687060640140963,0.6853050843265109,5.4308895407525375,23.34547710810114,1
3,22,-2.0,38.54567289352417,35.0,-1.9119060460643351,40.54201125922515,35.082901054941026,0.044046976967832496,0.9981691828504883,0.041450527470513095,0.7214517974744004,-0.015250169055233954,-0.015896599488764797,0.6921141772781693,3.4675792694892684,24.41291971331922,1
3,23,-3.0,38.60895299911499,35.0,-2.978143603274922,40.608402940180675,35.04149977222396,0.010928198362539214,0.9997249705328405,0.0207498861119795,0.7143950757153346,-0.003823460431497398,-0.0039036421004205245,0.6997212434408163,1.3438079253921535,25.482024221736015,1
3,24,-4.0,38.583070278167725,35.0,-4.081348857174335,40.581411006698026,34.99591390976361,-0.04067442858716782,0.9991703642651498,-0.0020430451181974326,0.7062373309766364,0.014398256001968963,0.014368845389558267,0.7076828801386039,2.3340566111446908,26.586500779912175,1
3,25,-5.0,38.49728059768677,35.0,-5.181329722684957,40.488628649929076,34.95934945877668,-0.09066486134247852,0.9956740261211557,-0.020325270611659577,0.6991328311604699,0.03241371758555509,0.03175879051876766,0.7135502887187523,5.331338565130116,27.69099316526079,1
3,26,-6.0,38.36339330673218,35.0,-6.265313166275371,40.34495278936742,34.9449460212219,-0.13265658313768572,0.9907797413176197,-0.02752698938904891,0.6956764030378805,0.047653410809219525,0.04634783697878023,0.7152729358097598,7.786520671671583,28.78455172240332,1
3,27,-7.0,38.20383882522583,35.0,-7.3383191159768,40.17434469222582,34.94855290209073,-0.16915955798839982,0.9852529334999961,-0.025723548954634346,0.6952994768634165,0.06080183382219684,0.05923510414149919,0.7136896923135874,9.852027435144178,29.871042357657277,1
3,28,-8.0,38.04426050186157,35.0,-8.394713964542943,40.0041921472384,34.94643852461621,-0.19735698227147136,0.979965822688412,-0.026780737691892983,0.6939439664940142,0.07107321943325719,0.06915744863095391,0.7131673128690093,11.488177200770796,30.941054710499472,1
3,29,-9.0,37.82128190994263,35.0,-9.444260195591811,39.77086939219144,34.958268385228294,-0.2221300977959055,0.9747937411244073,-0.020865807385852687,0.6951170358316864,0.0798711637804503,0.07817978901851397,0.7101554930308903,12.891644368051859,32.016288054817664,1
3,30,-10.0,37.55582857131958,35.0,-10.493308884827124,39.49376978749845,34.96790347704523,-0.24665444241356177,0.9689706080894346,-0.01604826147738406,0.6957900778838436,0.08861171920069472,0.08715626885150286,0.7074092984535731,14.31046340152546,33.10135956319933,1
3,31,-11.0,37.27774667739868,35.0,-11.566393933117505,39.19573277468434,34.977038224227854,-0.2831969665587523,0.9589930486428294,-0.011480887886074372,0.6956309948746208,0.10176971566585101,0.1005586401807222,0.7040088094818425,16.46500048939768,34.21510146574121,1
3,32,-12.0,36.99688768386841,35.0,-12.621878498873166,38.8977413697285,34.99526739063871,-0.31093924943658324,0.9504268429300451,-0.002366304680643914,0.6974191285218738,0.11146033748140198,0.1111831769730213,0.6991576742756299,18.116385923313125,35.31199656030769,1
3,33,-13.0,36.65587091445923,35.0,-13.681495472326091,38.53613864099595,35.012537852426306,-0.3407477361630454,0.9401338632683611,0.006268926213152932,0.6987652794099312,0.121907946409319,0.12272355354557338,0.6941213628023346,19.92595084118381,36.43174784193532,1
3,34,-14.0,36.24975633621216,35.0,-14.732662889676487,38.110634174447256,35.01840546811065,-0.3663314448382434,0.9304389191175484,0.009202734055326154,0.6981363448888193,0.13117549684656263,0.13247933631664016,0.6912654037498474,21.49666189267799,37.565785504125515,1
3,35,-15.0,35.81623983383179,35.0,-15.805628313356515,37.646762812061496,35.01219208314342,-0.40281415667825715,0.9152614891148543,0.006096041571709547,0.6942690618514922,0.1450465116495518,0.1460158020150197,0.689660325650284,23.757110703801178,38.73474660159935,1
3,36,-16.0,35.381556034088135,35.0,-16.861730194669178,37.18638831766649,34.99877535770484,-0.4308650973345892,0.9024161417891787,-0.0006123211475812013,0.6894065370492406,0.1562448914364355,0.15613890974088052,0.6898744823797441,25.522501550215242,39.88690799104229,1
3,37,-17.0,34.90035390853882,35.0,-17.907645696716827,36.68238326765989,34.97653401478794,-0.45382284835841435,0.8910146795605347,-0.01173299260603176,0.6830431814619946,0.16608887968573002,0.16391619981152414,0.6920967965121384,26.9989707347553,41.04813794466496,1
3,38,-18.0,34.342371463775635,35.0,-18.95919031666227,36.09722903947709,34.97929189954326,-0.479595158331135,0.8774287878507304,-0.010354050228369454,0.6810536328243497,0.1760367123715139,0.1739716569877878,0.6891377856997164,28.666261783014026,42.25153279442323,1
3,39,-19.0,33.77385663986206,35.0,-20.00688368982164,35.5018624115366,34.98653566820639,-0.5034418449108199,0.8640028858372684,-0.006732165896801611,0.679982601131572,0.18508803097429274,0.1836514745188634,0.6853015532270799,30.23095785432842,43.45659515712971,1
3,40,-20.0,33.19047784805298,35.0,-21.031710804579788,34.90380999895528,35.008109031865885,-0.5158554022898941,0.8566660754511534,0.0040545159329434125,0.6829097733918096,0.18884252532843057,0.1897384134090822,0.6796852775443444,31.055714088749596,44.643356596239286,1
4,0,-20.0,32.91434717178345,40.0,-21.01023487055256,34.62728801117166,40.21274206700997,-0.5051174352762793,0.8564704196941045,0.10637103350498349,0.7233034817948253,0.1732558512027068,0.19610481609340347,0.6390284691251875,31.077437957798637,0.0,1
4,1,-19.0,33.488452434539795,40.0,-19.98612919338611,35.215018999445384,40.215678257832785,-0.4930645966930545,0.8632832824527932,0.10783912891639336,0.724876867718244,0.16873971407224786,0.19112968721035709,0.6399608411525463,30.312747106138954,1.1807746498796083,1
4,2,-18.0,34.05437612533569,40.0,-18.947419288417837,35.80271495500126,40.21379436058394,-0.47370964420891903,0.8741694148327804,0.10689718029196896,0.7261126617431463,0.16189191642039394,0.1828946829127925,0.6427292935725308,29.053171951042668,2.3742185538502856,1
4,3,-17.0,34.61365461349487,40.0,-17.889279276188386,36.39327816952254,40.20523734497724,-0.44463963809419244,0.889811778013833,0.10261867248862007,0.726790053325196,0.15193931233182784,0.17046897655066792,0.647789311265212,27.150395480701413,3.586034719092665,1
4,4,-16.0,35.08686971664429,40.0,-16.85206639881118,36.88436781341709,40.207324489906725,-0.4260331994055897,0.8987490483864035,0.10366224495336383,0.7285174535338008,0.14523581642731392,0.16295027810228918,0.6493197089182684,26.005880677289866,4.733633929405892,1
4,5,-15.0,35.51484537124634,40.0,-15.785282041015595,37.34149266089349,40.21608284356487,-0.3926410205077978,0.9133236448235779,0.1080414217824355,0.7323265860608498,0.1331107893436093,0.14978521880553206,0.6508023335361983,24.031226999910334,5.8942668175218795,1
4,6,-14.0,35.9236273765564,40.0,-14.720811840535797,37.776453692605934,40.217864483332406,-0.3604059202678987,0.9264131580247684,0.10893224166620427,0.7345931207790583,0.12181571219340326,0.1369786406953799,0.6532769176697918,22.11757889901967,7.0441759796117,1
4,7,-13.0,36.308534145355225,40.0,-13.677992561770955,38.176237532451715,40.22805732615192,-0.3389962808854776,0.933851693548244,0.11402866307595988,0.737567267341862,0.11405637940877401,0.12883045312731364,0.6529842132923513,20.956587040689374,8.161047978011789,1
4,8,-12.0,36.63843393325806,40.0,-12.633904275646342,38.518840237738154,40.24947444636431,-0.3169521378231712,0.94020315224005,0.12473722318215542,0.7424110807140823,0.10580358606411294,0.12076768799013991,0.6504202902327375,19.914298796980248,9.260118337875255,1
4,9,-11.0,36.9490065574646,40.0,-11.561722033725882,38.850893711361906,40.25941012059532,-0.2808610168629415,0.9509435769486512,0.12970506029765821,0.7457543766457679,0.0932895485170293,0.10687766200161827,0.6509413454499865,18.020928663752862,10.382585703484434,1
4,10,-10.0,37.2719988822937,40.0,-10.501938510158418,39.18995392747891,40.263640240988636,-0.250969255079209,0.9589775225926053,0.1318201204943171,0.747661969821866,0.08313626843469434,0.0953458530398096,0.6519195564338843,16.46813881636214,11.49529448879033,1
4,11,-9.0,37.521461963653564,40.0,-9.441850583040834,39.452992560321526,40.27195149641432,-0.22092529152041723,0.9657652983339804,0.1359757482071588,0.7501145269652486,0.07291138826877941,0.08389614131337528,0.6518999642346568,15.0354956664092,12.58756039622996,1
4,12,-8.0,37.71561861038208,40.0,-8.358876486411939,39.66407977117302,40.27332539653285,-0.1794382432059696,0.9742305803954707,0.1366626982664237,0.7515566132629685,0.059110119217512906,0.06798068830714867,0.6534885438047667,13.03547955722619,13.690915548552082,1
4,13,-7.0,37.89221239089966,40.0,-7.280874776162945,39.854353991351815,40.26666402061481,-0.14043738808147252,0.9810708002260794,0.133332010307405,0.7513468219520155,0.04630289727769612,0.053021324895731074,0.6561423122712013,11.165835313394089,14.785601046808784,1
4,14,-6.0,38.00523138046265,40.0,-6.185896734025496,39.98174442907282,40.242566636107206,-0.09294836701274817,0.9882565243050877,0.12128331805360211,0.7481251387658459,0.03082913838213713,0.03484392587989245,0.6619246496410869,8.78945375437008,15.888227874128898,1
4,15,-5.0,38.10808801651001,40.0,-5.09113011300947,40.092724294537874,40.23003075107163,-0.045565056504735,0.9923181390139333,0.11501537553581437,0.7465105000495648,0.015157872002891088,0.017016233314001233,0.6649832780122342,7.106393638061237,16.988676706852672,1
4,16,-4.0,38.12342691421509,40.0,-4.006168479068159,40.11070076976016,40.22517675930923,-0.0030842395340793514,0.9936369277725365,0.11258837965461371,0.745850611472457,0.0010272261040766908,0.0011501937065308521,0.6661114675691528,6.4669814185517325,18.073798111130575,1
4,17,-3.0,38.077730655670166,40.0,-2.9466916130031264,40.06384235515414,40.229169223607144,0.026654193498436878,0.9930558497419835,0.11458461180357118,0.7464674578087275,-0.008867938563229857,-0.009950011580912287,0.6652884272011307,6.7561428370663075,19.13431821019402,1
4,18,-2.0,37.997456073760986,40.0,-1.8922931879188996,39.981182902320725,40.23071001773581,0.053853406040550195,0.9918634142798681,0.11535500886790384,0.746563210747032,-0.017913034166066127,-0.020117082289346562,0.6647689813508236,7.313977928561349,20.191952834253467,1
4,19,-1.0,37.94278383255005,40.0,-0.8602587459691826,39.92069082202176,40.261450421534995,0.06987062701540869,0.9889534947358579,0.13072521076749907,0.7515528507645117,-0.02304165557170947,-0.026287857414814663,0.6587460384463719,8.5241420945307,21.22621554438813,1
4,20,0.0,37.89116144180298,40.0,0.15384056536507165,39.86435377700161,40.28782822787477,0.07692028268253583,0.9865961675993151,0.14391411393738587,0.7558592995883548,-0.02517491200569723,-0.029113583688077333,0.6536018224241303,9.391574804371697,22.24222098952979,1
4,21,1.0,37.78870630264282,40.0,1.1537958663704284,39.76015497838062,40.29956126321513,0.07689793318521426,0.9857243378689,0.14978063160756497,0.7578002796522331,-0.025080908332432865,-0.0291798388240265,0.6513510736940727,9.692900878737188,23.24765903225598,1
4,22,2.0,37.68571138381958,40.0,2.170276021146514,39.656460235441266,40.295220325273064,0.08513801057325701,0.9853744258108411,0.14761016263653087,0.7569886713310104,-0.027807063756841843,-0.03228286157349556,0.6520373728018671,9.81126113635305,24.269423852803786,1
4,23,3.0,37.60504770278931,40.0,3.226822426523336,39.56963487667356,40.29824289268235,0.11341121326166792,0.9822935869421279,0.1491214463411777,0.7570930238265134,-0.03702534866567979,-0.04307036126869185,0.6508334816292072,10.798062397677217,25.329536151361616,1
4,24,4.0,37.543092250823975,40.0,4.277098621564616,39.50013709309075,40.30527338449985,0.13854931078230828,0.9785224211333888,0.15263669224992427,0.7578118756972282,-0.04516090319303634,-0.05275153667786836,0.6487672381163844,11.89626609442317,26.382132681665848,1
4,25,5.0,37.39523935317993,40.0,5.360427128347366,39.3391318118543,40.30228197806052,0.18021356417368303,0.9719462293371852,0.15114098903026138,0.7563770931736665,-0.05885734820126825,-0.06871724221529606,0.647848320293565,13.603598759605777,27.477364302240534,1
4,26,6.0,37.174355030059814,40.0,6.430621348916588,39.10150170369834,40.31728686096531,0.215310674458294,0.9635733368192634,0.15864343048265522,0.7578988581289033,-0.07007878486554925,-0.08256005534154752,0.6433211655313954,15.512241011416648,28.573725959976233,1
4,27,7.0,36.900020122528076,40.0,7.5030144095724784,38.805826423200855,40.33893782332221,0.2515072047862392,0.952903150336388,0.16946891166110678,0.7603324402668518,-0.08141889282228998,-0.09717639020530684,0.6370418301462727,17.65440000260547,29.686344273779827,1
4,28,8.0,36.57390737533569,40.0,8.567192047357205,38.456922384618565,40.36407094944553,0.2835960236786021,0.9415075046414364,0.18203547472276266,0.7633492725374826,-0.09119005141942572,-0.1105099664121276,0.6298966660986619,19.69371700871696,30.806540572170803,1
4,29,9.0,36.33026647567749,40.0,9.629116907553541,38.19186277746585,40.37238572179687,0.31455845377677116,0.9307981508941792,0.1861928608984344,0.763475730101088,-0.10100118809116967,-0.1232059565192639,0.6258784720925908,21.440424164846238,31.901077067444586,1
4,30,10.0,35.98991537094116,40.0,10.653542588518016,37.842024773004155,40.37758819868083,0.3267712942590082,0.9260547010314959,0.18879409934041744,0.7638157161511033,-0.10479790756873772,-0.12831865102998938,0.6238086839148964,22.172063925210193,32.983602665733606,1
4,31,11.0,35.562535762786865,40.0,11.69699603459554,37.40028401227849,40.3699701329142,0.3484980172977698,0.9188741247458142,0.18498506645709836,0.761520204538815,-0.11215842058316686,-0.13698806462858987,0.6234915692459395,23.23796227406822,34.11673462130788,1
4,32,12.0,35.135756969451904,40.0,12.752881437882108,36.95021570022495,40.375378548686555,0.3764407189410541,0.9072293653865245,0.18768927434327823,0.7610390536354257,-0.1210958133600608,-0.1487126426099865,0.6197095390231745,24.874764910446405,35.2645519941288,1
4,33,13.0,34.762794971466064,40.0,13.783002205307119,36.56513258178643,40.372137991756894,0.39150110265355936,0.9011688051601837,0.18606899587844827,0.7596802780248982,-0.12617596094041675,-0.15488966256489511,0.6188494926000253,25.68787069466011,36.36430119499045,1
4,34,14.0,34.35233449935913,40.0,14.8149441606982,36.14272370076744,40.36107135364693,0.40747208034909965,0.8951946007041544,0.1805356768234646,0.75687600995985,-0.13193386206349453,-0.16119746748139663,0.6194735975534806,26.466563407532988,37.47940474737433,1
4,35,15.0,33.87658071517944,40.0,15.875134752344689,35.64037769298883,40.3509407162315,0.4375673761723441,0.8818984889046931,0.17547035811574863,0.753292709863328,-0.1424263751017993,-0.17355666023703556,0.6181770835525141,28.127768109588423,38.65263031475738,1
4,36,16.0,33.341299533843994,40.0,16.95080572879347,35.06537687531862,40.351462354609,0.4754028643967351,0.8620386707373137,0.17573117730449808,0.7508739118032285,-0.15509338227521702,-0.18989979995871967,0.6132474845634422,30.453738854976905,39.872341043578885,1
4,37,17.0,32.76389455795288,40.0,17.9863868586472,34.47256195329493,40.32786688942789,0.493193429323601,0.8543336976710248,0.1639334447139449,0.7453689967860798,-0.16245547386002543,-0.19659191596038458,0.6159422831906027,31.313797649214585,41.06582944078273,1
4,38,18.0,32.122573375701904,40.0,19.020753333071248,33.81689265325744,40.29554156852738,0.5103766665356244,0.8471596387777677,0.14777078426369059,0.738166315680669,-0.17028177391098637,-0.2025552668325304,0.6205529564401069,32.09593305300033,42.29092582915199,1
4,39,19.0,31.50346326828003,40.0,20.047858538136996,33.184364888201536,40.27669880411498,0.5239292690684983,0.8404508099607519,0.13834940205749066,0.7335766013146457,-0.1761819259526885,-0.20755491217205455,0.6226927471911853,32.812245302651064,43.4973219190041,1
4,40,20.0,30.912761211395264,40.0,21.056780559557335,32.59010885554129,40.264044938636346,0.5283902797786678,0.8386738220730112,0.13202246931817424,0.7308432238679077,-0.17854807975850784,-0.208853500232592,0.6247951510547337,32.99965766567861,44.66831465936228,1
5,0,20.0,29.590095043182373,45.0,21.078847447110764,31.178903805692162,45.55836807039327,0.5394237235553816,0.7944043812548942,0.2791840351966349,0.7830672735023496,-0.16247357559896933,-0.2293144192719205,0.5548178795926321,37.400965894678656,0.0,1
5,1,19.0,30.31099843978882,45.0,20.04685371554034,31.92207044924967,45.55546762155067,0.5234268577701703,0.8055360047304255,0.2777338107753351,0.7835426055003682,-0.15788568888079016,-0.22144255283443984,0.5586557888418402,36.33794800635922,1.2717374472353438,1
5,2,18.0,30.929582118988037,45.0,19.011038003899763,32.56706235442939,45.54448198612011,0.5055190019498822,0.8187401177206775,0.2722409930600571,0.7827168689495684,-0.15321488045164813,-0.21240872021675541,0.5645901513893523,35.04112715092931,2.4920035782144234,1
5,3,17.0,31.523763179779053,45.0,17.97352869701963,33.18574100649898,45.53858293657576,0.4867643485098163,0.8309889133599628,0.2692914682878799,0.7827999756145559,-0.14788486170595883,-0.20337995335327294,0.5692019504798631,33.799542277769476,3.699986870803797,1
5,4,16.0,32.05587339401245,45.0,16.919174374879017,33.74766951039451,45.54124335484176,0.45958718743950844,0.8458980581910274,0.2706216774208813,0.7847711379688637,-0.13944568735351912,-0.19101981985701705,0.5728879381793197,32.23171657772191,4.8947394635744566,1
5,5,15.0,32.596627712249756,45.0,15.875383028395804,34.312432785451286,45.53825412620108,0.4376915141979024,0.8579025366007635,0.26912706310054174,0.7854255658722153,-0.13292934974858317,-0.181017082968118,0.5767748990060529,30.91811073505394,6.08152793138747,1
5,6,14.0,33.07117033004761,45.0,14.857789868663131,34.79933911525029,45.52690529611115,0.42889493433156556,0.8640843926013405,0.26345264805557483,0.7839714967468091,-0.13082437202736866,-0.17665727791050817,0.5805737525357669,30.221681261704386,7.209669061156912,1
5,7,13.0,33.53579092025757,45.0,13.83242148678537,35.28461257978285,45.49869556997559,0.4162107433926844,0.8744108297626407,0.24934778498779409,0.7798790053618764,-0.12830677881416697,-0.17000965319918632,0.588576949366177,29.024675964630596,8.344422973942718,1
5,8,12.0,34.01580476760864,45.0,12.77286732356496,35.79481977526375,45.487628652463584,0.38643366178247934,0.8895075038275516,0.24381432623179222,0.7795000456369983,-0.11952757827302324,-0.1566989341547464,0.5945908516945669,27.188574858926327,9.520470967768397,1
5,9,11.0,34.48512887954712,45.0,11.738776514077571,36.276584896899784,45.49486826543871,0.3693882570387856,0.8957280086763327,0.24743413271935535,0.7815009635362495,-0.11390044052413141,-0.1496299156171497,0.5948897561672473,26.397906146043912,10.661301299889391,1
5,10,10.0,34.86525869369507,45.0,10.692459913992113,36.67528924257177,45.49425568246317,0.3462299569960565,0.9050152744383516,0.24712784123158604,0.7824158104224889,-0.10672122664546647,-0.13977031577013752,0.5974113643158483,25.174659652210824,11.781008385751592,1
5,11,9.0,35.18308115005493,45.0,9.616031265188324,37.018616468370624,45.50131384932614,0.3080156325941618,0.9177676591578453,0.25065692466306894,0.7850962577954208,-0.09461674443332185,-0.1239234592477977,0.5994284894101422,23.398119613924916,12.910885386871517,1
5,12,8.0,35.52988576889038,45.0,8.541345690964885,37.378085045119796,45.53954080310836,0.2706728454824423,0.9240996381147085,0.26977040155417864,0.7925706325376121,-0.08195726457135254,-0.10930375259467284,0.5942789655470175,22.46702263638248,14.044740774965389,1
5,13,7.0,35.791770458221436,45.0,7.484868356098221,37.64725515504395,45.567520234980286,0.24243417804911052,0.9277423484112562,0.28376011749014207,0.7978742951414777,-0.07264067660451043,-0.09818046635714585,0.5903224011341788,21.914420591360457,15.135327660899485,1
5,14,6.0,36.0305380821228,45.0,6.4108463164716,37.901338415097605,45.57559657606963,0.20542315823580037,0.9354001664874018,0.2877982880348149,0.8000845859299006,-0.061349811530165714,-0.08306369061994223,0.5909325505361734,20.7071089334855,16.23902457216118,1
5,15,5.0,36.19312810897827,45.0,5.33537544973485,38.07566016825946,45.58617092515212,0.16768772486742492,0.9412660296405929,0.2930854625760571,0.8025304882794777,-0.04987531122641283,-0.06776704098628018,0.5906478619854094,19.734731862166445,17.328582957785116,1
5,16,4.0,36.37686014175415,45.0,4.274368657047417,38.26828788639029,45.589256248885526,0.13718432852370865,0.9457138723180706,0.29462812444276165,0.8035256566433061,-0.040750231132161245,-0.055377345372587046,0.5912861298881485,18.96560031371074,18.406938358913937,1
5,17,3.0,36.49761247634888,45.0,3.230913023191739,38.400933358014,45.56925284113297,0.11545651159586946,0.9516604408325602,0.28462642056648596,0.8006999470459342,-0.03453701034949657,-0.04637808725777867,0.5962682808426648,17.88768564658695,19.458981427086123,1
5,18,2.0,36.58903741836548,45.0,2.199861464642121,38.504035315230155,45.54114549795315,0.09993073232106058,0.9574989484323392,0.270572748976576,0.796476786828616,-0.03018447500705,-0.03989610634031534,0.6025959892088515,16.76439016883428,20.495556244795885,1
5,19,1.0,36.67265844345093,45.0,1.16636900021233,38.59358404205576,45.5313814076471,0.08318450010616497,0.9604627993024164,0.26569070382355026,0.7951162830427534,-0.025208100921157026,-0.033128083526792314,0.6050265929445305,16.16523320380351,21.532966957083335,1
5,20,0.0,36.784425258636475,45.0,0.1409310558628244,38.70764649549957,45.53043238171531,0.0704655279314122,0.9616106184315479,0.2652161908576534,0.795079793184818,-0.02135925789941223,-0.0280477189850205,0.6054793390619623,15.927309868257078,22.564729585621304,1
5,21,-1.0,36.84795045852661,45.0,-0.8789108115494937,38.77275187497517,45.529600713441766,0.060544594225253136,0.9624007082242784,0.2648003567208829,0.7950240369960941,-0.01835644189036756,-0.0240892998500374,0.6058213658103299,15.761505748499738,23.58664779988105,1
5,22,-2.0,36.88369417190552,45.0,-1.9219592666685803,38.80757467811091,45.54091907138127,0.03902036666570981,0.9619402531026972,0.2704595356906326,0.7969259096131849,-0.011783990517393244,-0.015554093477607365,0.6037617927053464,15.858339809485042,24.630338756328882,1
5,23,-3.0,36.9369797706604,45.0,-2.975904426693901,38.856892302113266,45.55978145281645,0.012047786653049616,0.9599562657264327,0.2798907264082271,0.7999576849379364,-0.0036146248561650563,-0.004819034635857131,0.6000261775131689,16.269151560856354,25.685605745204892,1
5,24,-4.0,36.95124292373657,45.0,-4.01960773468701,38.86540057936717,45.57932374897912,-0.009803867343504679,0.9570788278152986,0.2896618744895591,0.8030083454522687,0.0029213659116136986,0.003936388236834328,0.5959476215263128,16.847643192918262,26.729526665216028,1
5,25,-5.0,36.924697399139404,45.0,-5.092766273917933,38.83244417571447,45.59320877850114,-0.046383136958966384,0.9538733882875344,0.29660438925057125,0.8050546680216882,0.013754131080336638,0.01868053317616279,0.5927468625433362,17.470168124676196,27.80328090567834,1
5,26,-6.0,36.85990571975708,45.0,-6.142189819288896,38.75982480154804,45.60834984830867,-0.07109490964444834,0.9499595408954812,0.3041749241543333,0.8072470275692086,0.020968990386849132,0.028731929521760333,0.5891409119631652,18.202294852576138,28.855323016564686,1
5,27,-7.0,36.74080514907837,45.0,-7.230259924949456,38.6314884167983,45.610161575425856,-0.11512996247472781,0.945341633859964,0.3050807877129296,0.807086464802977,0.03393865330707659,0.046614901553274996,0.5876109742820617,19.031114919981604,29.950937029270786,1
5,28,-8.0,36.625248432159424,45.0,-8.306762140885297,38.511876485887,45.588669326368866,-0.15338107044264862,0.9433140268637871,0.29433466318443324,0.8031751015521057,0.04557507914399328,0.06196252613653517,0.5907565604904973,19.38423325600747,31.03427721208532,1
5,29,-9.0,36.457473278045654,45.0,-9.391903002090286,38.333487535598245,45.571823873593985,-0.19595150104514325,0.9380071287762943,0.28591193679699284,0.7997014830200587,0.05859613002592443,0.07911826260529489,0.5922704889860907,20.280471455714952,32.13411223404135,1
5,30,-10.0,36.179988384246826,45.0,-10.473334922408455,38.0415822075777,45.55715571267368,-0.23666746120422757,0.9307969116654371,0.27857785633684146,0.7963811955673611,0.07117527320018763,0.09559667455388457,0.5929353654875192,21.440618407654757,33.254343850161256,1
5,31,-11.0,35.91099309921265,45.0,-11.564589844281068,37.75380957083897,45.534102761308525,-0.2822949221405337,0.9214082358131614,0.26705138065426226,0.7913204990303149,0.08565954787146891,0.11401143472380293,0.5945382262101311,22.867167533438938,34.38314048088506,1
5,32,-12.0,35.570698261260986,45.0,-12.608679829833463,37.398634414722586,45.536803766400645,-0.30433991491673185,0.9139680767307999,0.2684018832003215,0.7910014776708489,0.09229086586815763,0.1232909059086577,0.5921135118539871,23.940397266971893,35.485991597256444,1
5,33,-13.0,35.1920428276062,45.0,-13.663571154469532,36.99649742096485,45.5510144675622,-0.3317855772347656,0.9022272966793241,0.27550723378109754,0.7922929611512667,0.10012732194913766,0.13526679416568022,0.5864718897829552,25.54760234297836,36.61502295756866,1
5,34,-14.0,34.84402513504028,45.0,-14.715429836934174,36.62796968975257,45.55290322312022,-0.357714918467087,0.891972277356143,0.27645161156010856,0.7915685068863968,0.10791248623627701,0.1464222506407518,0.5833821378284072,26.877861727161978,37.72957351449566,1
5,35,-15.0,34.43850660324097,45.0,-15.771166952432704,36.201505462500734,45.54510233325902,-0.385583476216352,0.8814994296298826,0.2725511666295079,0.7890844630503265,0.11671029726348837,0.15824736568740955,0.5819640778761533,28.176228938121596,38.86821895889409,1
5,36,-16.0,33.988821506500244,45.0,-16.821253920021032,35.72704750602936,45.55146384596916,-0.41062696001051535,0.8691129997645576,0.27573192298458044,0.7889768958369688,0.12402185020290159,0.16946050976297958,0.5774228728917663,29.644272602400914,40.02053552165009,1
5,37,-17.0,33.447012424468994,45.0,-17.883568324849865,35.157923283705045,45.54045448195955,-0.4417841624249332,0.8554554296180242,0.2702272409797759,0.7855833077847408,0.134061504615878,0.18293940967526087,0.5756905000933914,31.18991484173185,41.2257473209779,1
5,38,-18.0,32.913440227508545,45.0,-18.936692187635163,34.59856137063668,45.53195345530017,-0.46834609381758135,0.8425605715640663,0.2659767276500844,0.7827124928405806,0.1426517345717405,0.19462254416483862,0.573701753071893,32.588494330040305,42.41823542893269,1
5,39,-19.0,32.3601450920105,45.0,-19.97683195501966,34.024707198468825,45.524435244234674,-0.4884159775098289,0.8322810532291646,0.2622176221173375,0.7802766019899281,0.14925560440305113,0.2035124079674367,0.5722533431484929,33.66622466675298,43.60619833664772,1
5,40,-20.0,31.748878002166748,45.0,-20.99485917379366,33.40352290007874,45.521924789727805,-0.4974295868968299,0.8273224489559949,0.26096239486390416,0.7793084184394162,0.15218274009035254,0.2075770605811024,0.5713410246853952,34.175336774402155,44.79878194089228,1
